Notes about the Food Access Research Atlas download data:,,,,,,,,,,,,
,,,,,,,,,,,,
This file contains multiple spreadsheets:,,,,,,,,,,,,
,,,,,,,,,,,,
1.  A variable lookup that provides explanatory names for all Food Access Research Atlas variables.,,,,,,,,,,,,
2.  A table of all Food Access Research Atlas Data.,,,,,,,,,,,,
3.  Data explanations and data sources are available on the Food Access Research Atlas data and documentation download page:,,,,,,,,,,,,
https://www.ers.usda.gov/data-products/food-access-research-atlas/download-the-data/,,,,,,,,,,,,
,,,,,,,,,,,,
Release history:,,,,,,,,,,,,
"Initial release: January, 2017",,,,,,,,,,,,
"Update: May, 2017: Modified HUNVFlag variable to indicate only that the tract has a high number of housing units without vehicles >1/2 mile from a store, excluding the 20 mile measure from this variable.  ",,,,,,,,,,,,
Added LATractsVehicle_20 variable for low access tract using vehicle access and at 20 miles,,,,,,,,,,,,
"Added variables for total tract counts of subpopulations: TractLOWI, TractKids, TractSeniors, TractWhite, TractBlack, TractAsian, TractNHOPI, TractAIAN, TractOMultir, TractHispanic, TractHUNV, and TractSNAP",,,,,,,,,,,,
